{"cameraMode":{"drawMode":0,"name":"Shaded","section":"Shading Mode"},"sceneLighting":true,"audioPlay":false,"sceneViewState":{"showFog":true,"showMaterialUpdate":false,"showSkybox":true,"showFlares":true,"showImageEffects":true,"showParticleSystems":true},"in2DMode":false,"pivot":{"x":0.2801048159599304,"y":1.4032042026519776,"z":-0.09368395805358887},"rotation":{"x":0.025493303313851358,"y":-0.019214700907468797,"z":-0.0005044948193244636,"w":-0.9995144009590149},"size":3.461583137512207,"orthographic":false}