{"cameraMode":{"drawMode":0,"name":"Shaded","section":"Shading Mode"},"sceneLighting":true,"audioPlay":false,"sceneViewState":{"showFog":true,"showMaterialUpdate":false,"showSkybox":true,"showFlares":true,"showImageEffects":true,"showParticleSystems":true},"in2DMode":false,"pivot":{"x":-1.535194993019104,"y":-0.39136171340942385,"z":-1.3142738342285157},"rotation":{"x":-0.29394009709358218,"y":-0.12239044159650803,"z":0.03810090944170952,"w":-0.947233259677887},"size":4.6697678565979,"orthographic":false}